-- MySQL Script generated by MySQL Workbench
-- 12/11/15 23:10:10
-- Model: New Model    Version: 1.0
-- MySQL Workbench Forward Engineering

SET @OLD_UNIQUE_CHECKS=@@UNIQUE_CHECKS, UNIQUE_CHECKS=0;
SET @OLD_FOREIGN_KEY_CHECKS=@@FOREIGN_KEY_CHECKS, FOREIGN_KEY_CHECKS=0;
SET @OLD_SQL_MODE=@@SQL_MODE, SQL_MODE='TRADITIONAL,ALLOW_INVALID_DATES';

-- -----------------------------------------------------
-- Schema mydb
-- -----------------------------------------------------

-- -----------------------------------------------------
-- Schema mydb
-- -----------------------------------------------------
CREATE SCHEMA IF NOT EXISTS `mydb` DEFAULT CHARACTER SET utf8 ;
USE `mydb` ;

-- -----------------------------------------------------
-- Table `mydb`.`Item`
-- -----------------------------------------------------
CREATE TABLE IF NOT EXISTS `mydb`.`Item` (
  `I_name` VARCHAR(45) NOT NULL,
  `Expiration_date` DATE NULL,
  PRIMARY KEY (`I_name`))
ENGINE = InnoDB;


-- -----------------------------------------------------
-- Table `mydb`.`Dessert`
-- -----------------------------------------------------
CREATE TABLE IF NOT EXISTS `mydb`.`Dessert` (
  `D_ID` INT NOT NULL,
  `Item_I_name` VARCHAR(45) NOT NULL,
  `Daily_production` INT NULL,
  PRIMARY KEY (`D_ID`, `Item_I_name`),
  INDEX `DessertName_idx` (`Item_I_name` ASC))
ENGINE = InnoDB;


-- -----------------------------------------------------
-- Table `mydb`.`Employee`
-- -----------------------------------------------------
CREATE TABLE IF NOT EXISTS `mydb`.`Employee` (
  `Department_D_number` INT NOT NULL,
  `E_SSN` INT NOT NULL,
  `First_name` VARCHAR(45) NULL,
  `Last_name` VARCHAR(45) NULL,
  `Address` VARCHAR(45) NULL,
  `Phone` DECIMAL(10,0) NULL,
  `Birth_year` YEAR NULL,
  `Dessert_D_ID` INT NULL,
  PRIMARY KEY (`Department_D_number`, `E_SSN`, `Dessert_D_ID`),
  INDEX `fk_Employee_Deparment1_idx` (`Department_D_number` ASC),
  INDEX `fk_Employee_Dessert1_idx` (`Dessert_D_ID` ASC))
ENGINE = InnoDB;


-- -----------------------------------------------------
-- Table `mydb`.`Department`
-- -----------------------------------------------------
CREATE TABLE IF NOT EXISTS `mydb`.`Department` (
  `D_number` INT NOT NULL,
  `Name` VARCHAR(45) NULL,
  `Location` VARCHAR(45) NULL,
  `Manager_E_SSN` INT NOT NULL,
  PRIMARY KEY (`D_number`, `Manager_E_SSN`),
  INDEX `fk_Deparment_Employee1_idx` (`Manager_E_SSN` ASC))
ENGINE = InnoDB;


-- -----------------------------------------------------
-- Table `mydb`.`Ingredient`
-- -----------------------------------------------------
CREATE TABLE IF NOT EXISTS `mydb`.`Ingredient` (
  `I_ID` INT NOT NULL,
  `Item_I_Name` VARCHAR(45) NOT NULL,
  `Storage_conditions` VARCHAR(45) NULL,
  PRIMARY KEY (`I_ID`, `Item_I_Name`),
  INDEX `IngName_idx` (`Item_I_Name` ASC))
ENGINE = InnoDB;


-- -----------------------------------------------------
-- Table `mydb`.`Dependent`
-- -----------------------------------------------------
CREATE TABLE IF NOT EXISTS `mydb`.`Dependent` (
  `D_name` VARCHAR(45) NOT NULL,
  `Relationship` VARCHAR(45) NULL,
  `Employee_E_SSN` INT NOT NULL,
  PRIMARY KEY (`D_name`, `Employee_E_SSN`),
  INDEX `fk_Dependent_Employee1_idx` (`Employee_E_SSN` ASC))
ENGINE = InnoDB;


-- -----------------------------------------------------
-- Table `mydb`.`Facility`
-- -----------------------------------------------------
CREATE TABLE IF NOT EXISTS `mydb`.`Facility` (
  `F_ID` INT NOT NULL,
  `Type` VARCHAR(45) NULL,
  `Location` VARCHAR(45) NULL,
  PRIMARY KEY (`F_ID`))
ENGINE = InnoDB;


-- -----------------------------------------------------
-- Table `mydb`.`Equipment`
-- -----------------------------------------------------
CREATE TABLE IF NOT EXISTS `mydb`.`Equipment` (
  `Eq_ID` INT NOT NULL,
  `Type` VARCHAR(45) NULL,
  `Year_bought` YEAR NULL,
  `Electricity_consumption` INT NULL,
  `Facility_F_ID` INT NOT NULL,
  PRIMARY KEY (`Eq_ID`, `Facility_F_ID`),
  INDEX `fk_Equipment_Facility1_idx` (`Facility_F_ID` ASC))
ENGINE = InnoDB;


-- -----------------------------------------------------
-- Table `mydb`.`Supplier`
-- -----------------------------------------------------
CREATE TABLE IF NOT EXISTS `mydb`.`Supplier` (
  `S_ID` INT NOT NULL,
  `Name` VARCHAR(45) NULL,
  `Location` VARCHAR(45) NULL,
  `Phone` DECIMAL(10,0) NULL,
  `Department_D_number` INT NOT NULL,
  `Order_date` DATE NULL,
  `Quantity` INT NULL,
  `Price` DECIMAL(2) NULL,
  `Delivery_date` DATE NULL,
  PRIMARY KEY (`S_ID`, `Department_D_number`),
  INDEX `fk_Supplier_Deparment_idx` (`Department_D_number` ASC))
ENGINE = InnoDB;


-- -----------------------------------------------------
-- Table `mydb`.`Customer`
-- -----------------------------------------------------
CREATE TABLE IF NOT EXISTS `mydb`.`Customer` (
  `C_ID` INT NOT NULL,
  `Name` VARCHAR(45) NULL,
  `Address` VARCHAR(45) NULL,
  `Phone` DECIMAL(10,0) NULL,
  `Volume` INT NULL,
  `Discount` INT NULL,
  PRIMARY KEY (`C_ID`))
ENGINE = InnoDB;


-- -----------------------------------------------------
-- Table `mydb`.`Expense`
-- -----------------------------------------------------
CREATE TABLE IF NOT EXISTS `mydb`.`Expense` (
  `Ex_ID` INT NOT NULL,
  `Name` VARCHAR(45) NULL,
  `Regularity` VARCHAR(45) NULL,
  `Amount` DECIMAL(2) NULL,
  PRIMARY KEY (`Ex_ID`))
ENGINE = InnoDB;


-- -----------------------------------------------------
-- Table `mydb`.`Department_housedby_Facility`
-- -----------------------------------------------------
CREATE TABLE IF NOT EXISTS `mydb`.`Department_housedby_Facility` (
  `Department_D_number` INT NOT NULL,
  `Facility_F_ID` INT NOT NULL,
  PRIMARY KEY (`Department_D_number`, `Facility_F_ID`),
  INDEX `fk_Deparment_has_Facility_Facility1_idx` (`Facility_F_ID` ASC),
  INDEX `fk_Deparment_has_Facility_Deparment1_idx` (`Department_D_number` ASC))
ENGINE = InnoDB;


-- -----------------------------------------------------
-- Table `mydb`.`Department_incurs_Expense`
-- -----------------------------------------------------
CREATE TABLE IF NOT EXISTS `mydb`.`Department_incurs_Expense` (
  `Department_D_number` INT NOT NULL,
  `Expense_Ex_ID` INT NOT NULL,
  PRIMARY KEY (`Department_D_number`, `Expense_Ex_ID`),
  INDEX `fk_Deparment_has_Expense_Expense1_idx` (`Expense_Ex_ID` ASC),
  INDEX `fk_Deparment_has_Expense_Deparment1_idx` (`Department_D_number` ASC))
ENGINE = InnoDB;


-- -----------------------------------------------------
-- Table `mydb`.`Dessert_soldto_Customer`
-- -----------------------------------------------------
CREATE TABLE IF NOT EXISTS `mydb`.`Dessert_soldto_Customer` (
  `Dessert_D_ID` INT NOT NULL,
  `Customer_C_ID` INT NOT NULL,
  `Order_date` DATE NULL,
  `Quantity` INT NULL,
  `Price` DECIMAL(2) NULL,
  `Vehicle_ID` INT NULL,
  `Delivery_date` DATE NULL,
  PRIMARY KEY (`Dessert_D_ID`, `Customer_C_ID`),
  INDEX `fk_Dessert_has_Customer_Customer1_idx` (`Customer_C_ID` ASC),
  INDEX `fk_Dessert_has_Customer_Dessert1_idx` (`Dessert_D_ID` ASC))
ENGINE = InnoDB;


-- -----------------------------------------------------
-- Table `mydb`.`Supplier_provides_Ingredient`
-- -----------------------------------------------------
CREATE TABLE IF NOT EXISTS `mydb`.`Supplier_provides_Ingredient` (
  `Supplier_S_ID` INT NOT NULL,
  `Ingredient_I_ID` INT NOT NULL,
  `Order_date` DATE NULL,
  `Quantity` INT NULL,
  `Price` DECIMAL(2) NULL,
  `Delivery_date` DATE NULL,
  PRIMARY KEY (`Supplier_S_ID`, `Ingredient_I_ID`),
  INDEX `fk_Supplier_has_Ingredient_Ingredient1_idx` (`Ingredient_I_ID` ASC),
  INDEX `fk_Supplier_has_Ingredient_Supplier1_idx` (`Supplier_S_ID` ASC))
ENGINE = InnoDB;


-- -----------------------------------------------------
-- Table `mydb`.`Facility_stores_Item`
-- -----------------------------------------------------
CREATE TABLE IF NOT EXISTS `mydb`.`Facility_stores_Item` (
  `Facility_F_ID` INT NOT NULL,
  `Item_I_name` VARCHAR(45) NOT NULL,
  `Arrival_date` DATE NULL,
  `Quantity` INT NULL,
  PRIMARY KEY (`Facility_F_ID`, `Item_I_name`),
  INDEX `fk_Facility_has_Item_Item1_idx` (`Item_I_name` ASC),
  INDEX `fk_Facility_has_Item_Facility1_idx` (`Facility_F_ID` ASC))
ENGINE = InnoDB;


-- -----------------------------------------------------
-- Table `mydb`.`White-collar`
-- -----------------------------------------------------
CREATE TABLE IF NOT EXISTS `mydb`.`White-collar` (
  `WC_E_SSN` INT NOT NULL,
  `Salary` DECIMAL(2) NULL,
  `Bonus` DECIMAL(2) NULL,
  `Payment_year` YEAR NOT NULL,
  PRIMARY KEY (`WC_E_SSN`, `Payment_year`))
ENGINE = InnoDB;


-- -----------------------------------------------------
-- Table `mydb`.`Blue-collar`
-- -----------------------------------------------------
CREATE TABLE IF NOT EXISTS `mydb`.`Blue-collar` (
  `BC_E_SSN` INT NOT NULL,
  `Wage` DECIMAL(2) NULL,
  `Hours` INT NULL,
  `Payment_day` DATE NOT NULL,
  PRIMARY KEY (`BC_E_SSN`, `Payment_day`))
ENGINE = InnoDB;


SET SQL_MODE=@OLD_SQL_MODE;
SET FOREIGN_KEY_CHECKS=@OLD_FOREIGN_KEY_CHECKS;
SET UNIQUE_CHECKS=@OLD_UNIQUE_CHECKS;

-- -----------------------------------------------------
-- Data for table `mydb`.`Item`
-- -----------------------------------------------------
START TRANSACTION;
USE `mydb`;
INSERT INTO `mydb`.`Item` (`I_name`, `Expiration_date`) VALUES ('Cake', '20150101');
INSERT INTO `mydb`.`Item` (`I_name`, `Expiration_date`) VALUES ('Tart', '20160101');
INSERT INTO `mydb`.`Item` (`I_name`, `Expiration_date`) VALUES ('Cookie', '20170101');
INSERT INTO `mydb`.`Item` (`I_name`, `Expiration_date`) VALUES ('Ice cream', '20140101');
INSERT INTO `mydb`.`Item` (`I_name`, `Expiration_date`) VALUES ('Pie', '20130101');
INSERT INTO `mydb`.`Item` (`I_name`, `Expiration_date`) VALUES ('Pudding', '20120101');
INSERT INTO `mydb`.`Item` (`I_name`, `Expiration_date`) VALUES ('Egg', '20120101');
INSERT INTO `mydb`.`Item` (`I_name`, `Expiration_date`) VALUES ('Sugar', '20130101');
INSERT INTO `mydb`.`Item` (`I_name`, `Expiration_date`) VALUES ('Milk', '20140101');
INSERT INTO `mydb`.`Item` (`I_name`, `Expiration_date`) VALUES ('Cinnamon', '20170101');
INSERT INTO `mydb`.`Item` (`I_name`, `Expiration_date`) VALUES ('Baking powder', '20160101');
INSERT INTO `mydb`.`Item` (`I_name`, `Expiration_date`) VALUES ('Flour', '20150101');
INSERT INTO `mydb`.`Item` (`I_name`, `Expiration_date`) VALUES ('Chocolate Mousse', '20150317');
INSERT INTO `mydb`.`Item` (`I_name`, `Expiration_date`) VALUES ('Brownies', '20150524');
INSERT INTO `mydb`.`Item` (`I_name`, `Expiration_date`) VALUES ('Cheesecake', '20140816');
INSERT INTO `mydb`.`Item` (`I_name`, `Expiration_date`) VALUES ('Biscotti', '20140802');
INSERT INTO `mydb`.`Item` (`I_name`, `Expiration_date`) VALUES ('Tiramisu', '20151130');

COMMIT;


-- -----------------------------------------------------
-- Data for table `mydb`.`Dessert`
-- -----------------------------------------------------
START TRANSACTION;
USE `mydb`;
INSERT INTO `mydb`.`Dessert` (`D_ID`, `Item_I_name`, `Daily_production`) VALUES (1, 'Cake', 100);
INSERT INTO `mydb`.`Dessert` (`D_ID`, `Item_I_name`, `Daily_production`) VALUES (2, 'Tart', 200);
INSERT INTO `mydb`.`Dessert` (`D_ID`, `Item_I_name`, `Daily_production`) VALUES (3, 'Cookie', 300);
INSERT INTO `mydb`.`Dessert` (`D_ID`, `Item_I_name`, `Daily_production`) VALUES (4, 'Ice cream', 150);
INSERT INTO `mydb`.`Dessert` (`D_ID`, `Item_I_name`, `Daily_production`) VALUES (5, 'Pie', 50);
INSERT INTO `mydb`.`Dessert` (`D_ID`, `Item_I_name`, `Daily_production`) VALUES (6, 'Pudding', 75);
INSERT INTO `mydb`.`Dessert` (`D_ID`, `Item_I_name`, `Daily_production`) VALUES (7, 'Brownie', 150);
INSERT INTO `mydb`.`Dessert` (`D_ID`, `Item_I_name`, `Daily_production`) VALUES (8, 'Lemon Cupcakes', 200);
INSERT INTO `mydb`.`Dessert` (`D_ID`, `Item_I_name`, `Daily_production`) VALUES (9, 'Chocolate Cupcakes', 200);
INSERT INTO `mydb`.`Dessert` (`D_ID`, `Item_I_name`, `Daily_production`) VALUES (10, 'Chocolate Mousse', 30);
INSERT INTO `mydb`.`Dessert` (`D_ID`, `Item_I_name`, `Daily_production`) VALUES (11, 'Brownies', 50);
INSERT INTO `mydb`.`Dessert` (`D_ID`, `Item_I_name`, `Daily_production`) VALUES (12, 'Cheesecake', 100);
INSERT INTO `mydb`.`Dessert` (`D_ID`, `Item_I_name`, `Daily_production`) VALUES (13, 'Biscotti', 75);
INSERT INTO `mydb`.`Dessert` (`D_ID`, `Item_I_name`, `Daily_production`) VALUES (14, 'Tiramisu', 20);

COMMIT;


-- -----------------------------------------------------
-- Data for table `mydb`.`Employee`
-- -----------------------------------------------------
START TRANSACTION;
USE `mydb`;
INSERT INTO `mydb`.`Employee` (`Department_D_number`, `E_SSN`, `First_name`, `Last_name`, `Address`, `Phone`, `Birth_year`, `Dessert_D_ID`) VALUES (6, 1, 'Toni', 'Dzhambazov', 'Skapto 2', 0888123456, 1994, 6);
INSERT INTO `mydb`.`Employee` (`Department_D_number`, `E_SSN`, `First_name`, `Last_name`, `Address`, `Phone`, `Birth_year`, `Dessert_D_ID`) VALUES (1, 2, 'Edor', 'Kacerja', 'Skapto 1', 0888234561, 1994, 5);
INSERT INTO `mydb`.`Employee` (`Department_D_number`, `E_SSN`, `First_name`, `Last_name`, `Address`, `Phone`, `Birth_year`, `Dessert_D_ID`) VALUES (2, 3, 'Yana', 'Aleksieva', 'Skapto 2', 0888345612, 1994, 4);
INSERT INTO `mydb`.`Employee` (`Department_D_number`, `E_SSN`, `First_name`, `Last_name`, `Address`, `Phone`, `Birth_year`, `Dessert_D_ID`) VALUES (3, 4, 'Aleks', 'Angelov', 'Skapto 1', 0888456123, 1994, 3);
INSERT INTO `mydb`.`Employee` (`Department_D_number`, `E_SSN`, `First_name`, `Last_name`, `Address`, `Phone`, `Birth_year`, `Dessert_D_ID`) VALUES (4, 5, 'Gabriel', 'Stoyanov', 'Skapto 2', 0888561234, 1994, 2);
INSERT INTO `mydb`.`Employee` (`Department_D_number`, `E_SSN`, `First_name`, `Last_name`, `Address`, `Phone`, `Birth_year`, `Dessert_D_ID`) VALUES (5, 6, 'Georgi', 'Tuparov', 'Sofia', 073888425, 2015, 1);
INSERT INTO `mydb`.`Employee` (`Department_D_number`, `E_SSN`, `First_name`, `Last_name`, `Address`, `Phone`, `Birth_year`, `Dessert_D_ID`) VALUES (7, 7, 'Ivo', 'Aleksiev', 'Sofia', 0885534975, 1988, 7);
INSERT INTO `mydb`.`Employee` (`Department_D_number`, `E_SSN`, `First_name`, `Last_name`, `Address`, `Phone`, `Birth_year`, `Dessert_D_ID`) VALUES (8, 8, 'Ivan', 'Ivanov', 'Blagoevgrad', 0897735298, 1992, 8);
INSERT INTO `mydb`.`Employee` (`Department_D_number`, `E_SSN`, `First_name`, `Last_name`, `Address`, `Phone`, `Birth_year`, `Dessert_D_ID`) VALUES (8, 9, 'John', 'Smith', 'Blagoevgrad', 0892468721, 1986, 9);
INSERT INTO `mydb`.`Employee` (`Department_D_number`, `E_SSN`, `First_name`, `Last_name`, `Address`, `Phone`, `Birth_year`, `Dessert_D_ID`) VALUES (7, 10, 'Peter', 'Ivanov', 'Sofia', 0894265712, 1975, 10);
INSERT INTO `mydb`.`Employee` (`Department_D_number`, `E_SSN`, `First_name`, `Last_name`, `Address`, `Phone`, `Birth_year`, `Dessert_D_ID`) VALUES (6, 11, 'Jack', 'Williams', 'Sofia', 0875325644, 1980, 11);
INSERT INTO `mydb`.`Employee` (`Department_D_number`, `E_SSN`, `First_name`, `Last_name`, `Address`, `Phone`, `Birth_year`, `Dessert_D_ID`) VALUES (5, 12, 'Martin', 'Alexandrov', 'Skapto 2', 0886544789, 1994, 12);
INSERT INTO `mydb`.`Employee` (`Department_D_number`, `E_SSN`, `First_name`, `Last_name`, `Address`, `Phone`, `Birth_year`, `Dessert_D_ID`) VALUES (4, 13, 'Viktor', 'Atanasov', 'Skapto 2', 0889745324, 1995, 13);

COMMIT;


-- -----------------------------------------------------
-- Data for table `mydb`.`Department`
-- -----------------------------------------------------
START TRANSACTION;
USE `mydb`;
INSERT INTO `mydb`.`Department` (`D_number`, `Name`, `Location`, `Manager_E_SSN`) VALUES (1, 'Production', 'Blagoevgrad', 2);
INSERT INTO `mydb`.`Department` (`D_number`, `Name`, `Location`, `Manager_E_SSN`) VALUES (2, 'Marketing', 'Plovdiv', 3);
INSERT INTO `mydb`.`Department` (`D_number`, `Name`, `Location`, `Manager_E_SSN`) VALUES (3, 'Sales', 'Sofia', 4);
INSERT INTO `mydb`.`Department` (`D_number`, `Name`, `Location`, `Manager_E_SSN`) VALUES (4, 'Accounting', 'Sofia', 5);
INSERT INTO `mydb`.`Department` (`D_number`, `Name`, `Location`, `Manager_E_SSN`) VALUES (5, 'IT', 'Blagoevgrad', 6);
INSERT INTO `mydb`.`Department` (`D_number`, `Name`, `Location`, `Manager_E_SSN`) VALUES (6, 'Legal', 'Plovdiv', 1);
INSERT INTO `mydb`.`Department` (`D_number`, `Name`, `Location`, `Manager_E_SSN`) VALUES (7, 'Support', 'Blagoevgrad', 9);
INSERT INTO `mydb`.`Department` (`D_number`, `Name`, `Location`, `Manager_E_SSN`) VALUES (8, 'Procurement', 'Sofia', 11);
INSERT INTO `mydb`.`Department` (`D_number`, `Name`, `Location`, `Manager_E_SSN`) VALUES (9, 'Research', 'Skapto 2', 13);

COMMIT;


-- -----------------------------------------------------
-- Data for table `mydb`.`Ingredient`
-- -----------------------------------------------------
START TRANSACTION;
USE `mydb`;
INSERT INTO `mydb`.`Ingredient` (`I_ID`, `Item_I_Name`, `Storage_conditions`) VALUES (1, 'Egg', 'Fridge');
INSERT INTO `mydb`.`Ingredient` (`I_ID`, `Item_I_Name`, `Storage_conditions`) VALUES (2, 'Sugar', 'Room');
INSERT INTO `mydb`.`Ingredient` (`I_ID`, `Item_I_Name`, `Storage_conditions`) VALUES (3, 'Milk', 'Fridge');
INSERT INTO `mydb`.`Ingredient` (`I_ID`, `Item_I_Name`, `Storage_conditions`) VALUES (4, 'Cinnamon', 'Room');
INSERT INTO `mydb`.`Ingredient` (`I_ID`, `Item_I_Name`, `Storage_conditions`) VALUES (5, 'Baking powder', 'Room');
INSERT INTO `mydb`.`Ingredient` (`I_ID`, `Item_I_Name`, `Storage_conditions`) VALUES (6, 'Flour', 'Room');
INSERT INTO `mydb`.`Ingredient` (`I_ID`, `Item_I_Name`, `Storage_conditions`) VALUES (7, 'Salt', 'Room');
INSERT INTO `mydb`.`Ingredient` (`I_ID`, `Item_I_Name`, `Storage_conditions`) VALUES (8, 'Cream', 'Fridge');
INSERT INTO `mydb`.`Ingredient` (`I_ID`, `Item_I_Name`, `Storage_conditions`) VALUES (9, 'Cocoa', 'Room');
INSERT INTO `mydb`.`Ingredient` (`I_ID`, `Item_I_Name`, `Storage_conditions`) VALUES (10, 'Coffee', 'Room');

COMMIT;


-- -----------------------------------------------------
-- Data for table `mydb`.`Dependent`
-- -----------------------------------------------------
START TRANSACTION;
USE `mydb`;
INSERT INTO `mydb`.`Dependent` (`D_name`, `Relationship`, `Employee_E_SSN`) VALUES ('Dzhambaz Tonev', 'Son', 1);
INSERT INTO `mydb`.`Dependent` (`D_name`, `Relationship`, `Employee_E_SSN`) VALUES ('Kacerj Edorov', 'Father', 2);
INSERT INTO `mydb`.`Dependent` (`D_name`, `Relationship`, `Employee_E_SSN`) VALUES ('Aleksa Yaneva', 'Daugther', 3);
INSERT INTO `mydb`.`Dependent` (`D_name`, `Relationship`, `Employee_E_SSN`) VALUES ('Stoyan Gabrielov', 'Brother', 5);
INSERT INTO `mydb`.`Dependent` (`D_name`, `Relationship`, `Employee_E_SSN`) VALUES ('Tupar Georgiev', 'Uncle', 6);
INSERT INTO `mydb`.`Dependent` (`D_name`, `Relationship`, `Employee_E_SSN`) VALUES ('Pavlin Aleksiev', 'Son', 7);
INSERT INTO `mydb`.`Dependent` (`D_name`, `Relationship`, `Employee_E_SSN`) VALUES ('Eli Ivanova', 'Daughter', 8);
INSERT INTO `mydb`.`Dependent` (`D_name`, `Relationship`, `Employee_E_SSN`) VALUES ('John Smith', 'Uncle', 9);
INSERT INTO `mydb`.`Dependent` (`D_name`, `Relationship`, `Employee_E_SSN`) VALUES ('Peter Ivanov', 'Brother', 10);
INSERT INTO `mydb`.`Dependent` (`D_name`, `Relationship`, `Employee_E_SSN`) VALUES ('Jack Williams', 'Son', 11);
INSERT INTO `mydb`.`Dependent` (`D_name`, `Relationship`, `Employee_E_SSN`) VALUES ('Martin Alexandrov', 'Brother', 12);
INSERT INTO `mydb`.`Dependent` (`D_name`, `Relationship`, `Employee_E_SSN`) VALUES ('Viktor Atanasov', 'Uncle', 13);
INSERT INTO `mydb`.`Dependent` (`D_name`, `Relationship`, `Employee_E_SSN`) VALUES ('Ivan Angelov', 'Father', 1);
INSERT INTO `mydb`.`Dependent` (`D_name`, `Relationship`, `Employee_E_SSN`) VALUES ('Nikolay Petrov', 'Son', 3);
INSERT INTO `mydb`.`Dependent` (`D_name`, `Relationship`, `Employee_E_SSN`) VALUES ('Teodor Kostadinov', 'Son', 2);
INSERT INTO `mydb`.`Dependent` (`D_name`, `Relationship`, `Employee_E_SSN`) VALUES ('Tatyana Bakalova', 'Daughter', 4);
INSERT INTO `mydb`.`Dependent` (`D_name`, `Relationship`, `Employee_E_SSN`) VALUES ('Yulia Ivanova', 'Daughter', 6);

COMMIT;


-- -----------------------------------------------------
-- Data for table `mydb`.`Facility`
-- -----------------------------------------------------
START TRANSACTION;
USE `mydb`;
INSERT INTO `mydb`.`Facility` (`F_ID`, `Type`, `Location`) VALUES (1, 'Factory', 'Blagoevgrad');
INSERT INTO `mydb`.`Facility` (`F_ID`, `Type`, `Location`) VALUES (2, 'Marketing office', 'Plovdiv');
INSERT INTO `mydb`.`Facility` (`F_ID`, `Type`, `Location`) VALUES (3, 'Sales office', 'Sofia');
INSERT INTO `mydb`.`Facility` (`F_ID`, `Type`, `Location`) VALUES (4, 'Accounting office', 'Sofia');
INSERT INTO `mydb`.`Facility` (`F_ID`, `Type`, `Location`) VALUES (5, 'IT room', 'Blagoevgrad');
INSERT INTO `mydb`.`Facility` (`F_ID`, `Type`, `Location`) VALUES (6, 'Legal bureau', 'Plovdiv');

COMMIT;


-- -----------------------------------------------------
-- Data for table `mydb`.`Equipment`
-- -----------------------------------------------------
START TRANSACTION;
USE `mydb`;
INSERT INTO `mydb`.`Equipment` (`Eq_ID`, `Type`, `Year_bought`, `Electricity_consumption`, `Facility_F_ID`) VALUES (1, 'Oven', 2004, 50, 6);
INSERT INTO `mydb`.`Equipment` (`Eq_ID`, `Type`, `Year_bought`, `Electricity_consumption`, `Facility_F_ID`) VALUES (2, 'Camera', 2006, 30, 5);
INSERT INTO `mydb`.`Equipment` (`Eq_ID`, `Type`, `Year_bought`, `Electricity_consumption`, `Facility_F_ID`) VALUES (3, 'Phone', 2008, 20, 4);
INSERT INTO `mydb`.`Equipment` (`Eq_ID`, `Type`, `Year_bought`, `Electricity_consumption`, `Facility_F_ID`) VALUES (4, 'Calculator', 2007, 10, 3);
INSERT INTO `mydb`.`Equipment` (`Eq_ID`, `Type`, `Year_bought`, `Electricity_consumption`, `Facility_F_ID`) VALUES (5, 'Server', 2005, 60, 2);
INSERT INTO `mydb`.`Equipment` (`Eq_ID`, `Type`, `Year_bought`, `Electricity_consumption`, `Facility_F_ID`) VALUES (6, 'Printer', 2003, 40, 1);

COMMIT;


-- -----------------------------------------------------
-- Data for table `mydb`.`Supplier`
-- -----------------------------------------------------
START TRANSACTION;
USE `mydb`;
INSERT INTO `mydb`.`Supplier` (`S_ID`, `Name`, `Location`, `Phone`, `Department_D_number`, `Order_date`, `Quantity`, `Price`, `Delivery_date`) VALUES (1, 'Kaufland', 'Blagoevgrad', 0888543216, 2, '20150606', 50, 10, '20160707');
INSERT INTO `mydb`.`Supplier` (`S_ID`, `Name`, `Location`, `Phone`, `Department_D_number`, `Order_date`, `Quantity`, `Price`, `Delivery_date`) VALUES (2, 'Billa', 'Bagoevgrad', 0888432165, 1, '20160606', 75, 20, '20170707');
INSERT INTO `mydb`.`Supplier` (`S_ID`, `Name`, `Location`, `Phone`, `Department_D_number`, `Order_date`, `Quantity`, `Price`, `Delivery_date`) VALUES (3, 'Lidl', 'Sofia', 0888321654, 4, '20170606', 100, 15, '20180707');
INSERT INTO `mydb`.`Supplier` (`S_ID`, `Name`, `Location`, `Phone`, `Department_D_number`, `Order_date`, `Quantity`, `Price`, `Delivery_date`) VALUES (4, 'Metro', 'Blagoevgrad', 0888216543, 3, '20140606', 150, 30, '20150707');
INSERT INTO `mydb`.`Supplier` (`S_ID`, `Name`, `Location`, `Phone`, `Department_D_number`, `Order_date`, `Quantity`, `Price`, `Delivery_date`) VALUES (5, 'CBA', 'Sofia', 0888165432, 6, '20130606', 125, 25, '20140707');
INSERT INTO `mydb`.`Supplier` (`S_ID`, `Name`, `Location`, `Phone`, `Department_D_number`, `Order_date`, `Quantity`, `Price`, `Delivery_date`) VALUES (6, 'Fantastico', 'Sofia', 0888654321, 5, '20120606', 25, 5, '20130707');

COMMIT;


-- -----------------------------------------------------
-- Data for table `mydb`.`Customer`
-- -----------------------------------------------------
START TRANSACTION;
USE `mydb`;
INSERT INTO `mydb`.`Customer` (`C_ID`, `Name`, `Address`, `Phone`, `Volume`, `Discount`) VALUES (1, 'The Hungry Griffin', 'ABF Student Center', 073888120, 300, 20);
INSERT INTO `mydb`.`Customer` (`C_ID`, `Name`, `Address`, `Phone`, `Volume`, `Discount`) VALUES (2, 'Mark\'s Guerilla Kitchen', '1 Svoboda Bachvarova', 0888930661, 50, 0);
INSERT INTO `mydb`.`Customer` (`C_ID`, `Name`, `Address`, `Phone`, `Volume`, `Discount`) VALUES (3, 'PolCa', '10 Krali Marko', 0877553655, 100, 5);
INSERT INTO `mydb`.`Customer` (`C_ID`, `Name`, `Address`, `Phone`, `Volume`, `Discount`) VALUES (4, 'Kebap 13', '3 Bratya Katinovi', 0894609909, 150, 10);
INSERT INTO `mydb`.`Customer` (`C_ID`, `Name`, `Address`, `Phone`, `Volume`, `Discount`) VALUES (5, 'Raffy Bar & Gelato', '1 Trakia', 0896716132, 200, 15);
INSERT INTO `mydb`.`Customer` (`C_ID`, `Name`, `Address`, `Phone`, `Volume`, `Discount`) VALUES (6, 'Diva', '13 Vasil Levski', 0894305323, 75, 5);
INSERT INTO `mydb`.`Customer` (`C_ID`, `Name`, `Address`, `Phone`, `Volume`, `Discount`) VALUES (7, 'Skaptobara', '11 Iskar', 0877333233, 170, 15);
INSERT INTO `mydb`.`Customer` (`C_ID`, `Name`, `Address`, `Phone`, `Volume`, `Discount`) VALUES (8, 'Raketa Rakia Bar', '17 Yanko Sakazov', 024446111, 120, 10);
INSERT INTO `mydb`.`Customer` (`C_ID`, `Name`, `Address`, `Phone`, `Volume`, `Discount`) VALUES (9, 'Skara Bar', '70 Varsavska', 08975727110, 150, 10);
INSERT INTO `mydb`.`Customer` (`C_ID`, `Name`, `Address`, `Phone`, `Volume`, `Discount`) VALUES (10, 'Divaka', '54 Gladstoun', 029895182, 100, 5);
INSERT INTO `mydb`.`Customer` (`C_ID`, `Name`, `Address`, `Phone`, `Volume`, `Discount`) VALUES (11, 'The Old House Tavern', '7 Ivan Vazov', 024568746, 150, 5);
INSERT INTO `mydb`.`Customer` (`C_ID`, `Name`, `Address`, `Phone`, `Volume`, `Discount`) VALUES (12, 'Orbita Restaurant', 'Blagoevgrad', 028798654, 100, 10);
INSERT INTO `mydb`.`Customer` (`C_ID`, `Name`, `Address`, `Phone`, `Volume`, `Discount`) VALUES (13, 'Park Bachinovo Restaurant', 'Park Bachinovo', 024861863, 200, 15);

COMMIT;


-- -----------------------------------------------------
-- Data for table `mydb`.`Expense`
-- -----------------------------------------------------
START TRANSACTION;
USE `mydb`;
INSERT INTO `mydb`.`Expense` (`Ex_ID`, `Name`, `Regularity`, `Amount`) VALUES (1, 'Food', 'Daily', 100);
INSERT INTO `mydb`.`Expense` (`Ex_ID`, `Name`, `Regularity`, `Amount`) VALUES (2, 'Gasoline', 'Very often', 200);
INSERT INTO `mydb`.`Expense` (`Ex_ID`, `Name`, `Regularity`, `Amount`) VALUES (3, 'Paper', 'Often', 300);
INSERT INTO `mydb`.`Expense` (`Ex_ID`, `Name`, `Regularity`, `Amount`) VALUES (4, 'Fine', 'Very rare', 1000);
INSERT INTO `mydb`.`Expense` (`Ex_ID`, `Name`, `Regularity`, `Amount`) VALUES (5, 'Repairs', 'Rare', 800);
INSERT INTO `mydb`.`Expense` (`Ex_ID`, `Name`, `Regularity`, `Amount`) VALUES (6, 'Accreditation', 'Seldom', 600);

COMMIT;


-- -----------------------------------------------------
-- Data for table `mydb`.`Department_housedby_Facility`
-- -----------------------------------------------------
START TRANSACTION;
USE `mydb`;
INSERT INTO `mydb`.`Department_housedby_Facility` (`Department_D_number`, `Facility_F_ID`) VALUES (1, 1);
INSERT INTO `mydb`.`Department_housedby_Facility` (`Department_D_number`, `Facility_F_ID`) VALUES (2, 2);
INSERT INTO `mydb`.`Department_housedby_Facility` (`Department_D_number`, `Facility_F_ID`) VALUES (3, 3);
INSERT INTO `mydb`.`Department_housedby_Facility` (`Department_D_number`, `Facility_F_ID`) VALUES (4, 4);
INSERT INTO `mydb`.`Department_housedby_Facility` (`Department_D_number`, `Facility_F_ID`) VALUES (5, 5);
INSERT INTO `mydb`.`Department_housedby_Facility` (`Department_D_number`, `Facility_F_ID`) VALUES (6, 6);

COMMIT;


-- -----------------------------------------------------
-- Data for table `mydb`.`Department_incurs_Expense`
-- -----------------------------------------------------
START TRANSACTION;
USE `mydb`;
INSERT INTO `mydb`.`Department_incurs_Expense` (`Department_D_number`, `Expense_Ex_ID`) VALUES (1, 6);
INSERT INTO `mydb`.`Department_incurs_Expense` (`Department_D_number`, `Expense_Ex_ID`) VALUES (2, 5);
INSERT INTO `mydb`.`Department_incurs_Expense` (`Department_D_number`, `Expense_Ex_ID`) VALUES (3, 4);
INSERT INTO `mydb`.`Department_incurs_Expense` (`Department_D_number`, `Expense_Ex_ID`) VALUES (4, 3);
INSERT INTO `mydb`.`Department_incurs_Expense` (`Department_D_number`, `Expense_Ex_ID`) VALUES (5, 2);
INSERT INTO `mydb`.`Department_incurs_Expense` (`Department_D_number`, `Expense_Ex_ID`) VALUES (6, 1);

COMMIT;


-- -----------------------------------------------------
-- Data for table `mydb`.`Dessert_soldto_Customer`
-- -----------------------------------------------------
START TRANSACTION;
USE `mydb`;
INSERT INTO `mydb`.`Dessert_soldto_Customer` (`Dessert_D_ID`, `Customer_C_ID`, `Order_date`, `Quantity`, `Price`, `Vehicle_ID`, `Delivery_date`) VALUES (1, 2, '20150303', 100, 10, 4, '20160404');
INSERT INTO `mydb`.`Dessert_soldto_Customer` (`Dessert_D_ID`, `Customer_C_ID`, `Order_date`, `Quantity`, `Price`, `Vehicle_ID`, `Delivery_date`) VALUES (2, 1, '20140303', 200, 5, 5, '20150404');
INSERT INTO `mydb`.`Dessert_soldto_Customer` (`Dessert_D_ID`, `Customer_C_ID`, `Order_date`, `Quantity`, `Price`, `Vehicle_ID`, `Delivery_date`) VALUES (3, 4, '20130303', 300, 2, 6, '20140404');
INSERT INTO `mydb`.`Dessert_soldto_Customer` (`Dessert_D_ID`, `Customer_C_ID`, `Order_date`, `Quantity`, `Price`, `Vehicle_ID`, `Delivery_date`) VALUES (4, 3, '20160303', 600, 20, 1, '20170404');
INSERT INTO `mydb`.`Dessert_soldto_Customer` (`Dessert_D_ID`, `Customer_C_ID`, `Order_date`, `Quantity`, `Price`, `Vehicle_ID`, `Delivery_date`) VALUES (5, 6, '20170303', 500, 15, 2, '20180404');
INSERT INTO `mydb`.`Dessert_soldto_Customer` (`Dessert_D_ID`, `Customer_C_ID`, `Order_date`, `Quantity`, `Price`, `Vehicle_ID`, `Delivery_date`) VALUES (6, 5, '20180303', 400, 12, 3, '20190404');
INSERT INTO `mydb`.`Dessert_soldto_Customer` (`Dessert_D_ID`, `Customer_C_ID`, `Order_date`, `Quantity`, `Price`, `Vehicle_ID`, `Delivery_date`) VALUES (7, 9, '20130303', 500, 7, 2, '20130404');
INSERT INTO `mydb`.`Dessert_soldto_Customer` (`Dessert_D_ID`, `Customer_C_ID`, `Order_date`, `Quantity`, `Price`, `Vehicle_ID`, `Delivery_date`) VALUES (8, 8, '20150303', 450, 6, 5, '20160404');
INSERT INTO `mydb`.`Dessert_soldto_Customer` (`Dessert_D_ID`, `Customer_C_ID`, `Order_date`, `Quantity`, `Price`, `Vehicle_ID`, `Delivery_date`) VALUES (9, 4, '20140303', 300, 6, 4, '20140404');
INSERT INTO `mydb`.`Dessert_soldto_Customer` (`Dessert_D_ID`, `Customer_C_ID`, `Order_date`, `Quantity`, `Price`, `Vehicle_ID`, `Delivery_date`) VALUES (4, 5, '20130303', 100, 20, 2, '20130404');
INSERT INTO `mydb`.`Dessert_soldto_Customer` (`Dessert_D_ID`, `Customer_C_ID`, `Order_date`, `Quantity`, `Price`, `Vehicle_ID`, `Delivery_date`) VALUES (7, 2, '20100303', 300, 7, 4, '20100404');
INSERT INTO `mydb`.`Dessert_soldto_Customer` (`Dessert_D_ID`, `Customer_C_ID`, `Order_date`, `Quantity`, `Price`, `Vehicle_ID`, `Delivery_date`) VALUES (2, 8, '20150303', 200, 5, 2, '20160404');
INSERT INTO `mydb`.`Dessert_soldto_Customer` (`Dessert_D_ID`, `Customer_C_ID`, `Order_date`, `Quantity`, `Price`, `Vehicle_ID`, `Delivery_date`) VALUES (3, 1, '20120303', 700, 2, 6, '20130404');
INSERT INTO `mydb`.`Dessert_soldto_Customer` (`Dessert_D_ID`, `Customer_C_ID`, `Order_date`, `Quantity`, `Price`, `Vehicle_ID`, `Delivery_date`) VALUES (11, 11, '20150423', 500, 10, 5, '20150425');
INSERT INTO `mydb`.`Dessert_soldto_Customer` (`Dessert_D_ID`, `Customer_C_ID`, `Order_date`, `Quantity`, `Price`, `Vehicle_ID`, `Delivery_date`) VALUES (12, 12, '20150814', 300, 15, 1, '20150815');
INSERT INTO `mydb`.`Dessert_soldto_Customer` (`Dessert_D_ID`, `Customer_C_ID`, `Order_date`, `Quantity`, `Price`, `Vehicle_ID`, `Delivery_date`) VALUES (13, 13, '20141214', 150, 8, 3, '20141215');

COMMIT;


-- -----------------------------------------------------
-- Data for table `mydb`.`Supplier_provides_Ingredient`
-- -----------------------------------------------------
START TRANSACTION;
USE `mydb`;
INSERT INTO `mydb`.`Supplier_provides_Ingredient` (`Supplier_S_ID`, `Ingredient_I_ID`, `Order_date`, `Quantity`, `Price`, `Delivery_date`) VALUES (1, 2, '20150808', 100, 20, '20160909');
INSERT INTO `mydb`.`Supplier_provides_Ingredient` (`Supplier_S_ID`, `Ingredient_I_ID`, `Order_date`, `Quantity`, `Price`, `Delivery_date`) VALUES (3, 4, '20150808', 200, 10, '20160909');
INSERT INTO `mydb`.`Supplier_provides_Ingredient` (`Supplier_S_ID`, `Ingredient_I_ID`, `Order_date`, `Quantity`, `Price`, `Delivery_date`) VALUES (5, 6, '20150808', 150, 15, '20160909');
INSERT INTO `mydb`.`Supplier_provides_Ingredient` (`Supplier_S_ID`, `Ingredient_I_ID`, `Order_date`, `Quantity`, `Price`, `Delivery_date`) VALUES (2, 3, '20150808', 50, 40, '20160909');
INSERT INTO `mydb`.`Supplier_provides_Ingredient` (`Supplier_S_ID`, `Ingredient_I_ID`, `Order_date`, `Quantity`, `Price`, `Delivery_date`) VALUES (4, 5, '20150808', 100, 20, '20160909');
INSERT INTO `mydb`.`Supplier_provides_Ingredient` (`Supplier_S_ID`, `Ingredient_I_ID`, `Order_date`, `Quantity`, `Price`, `Delivery_date`) VALUES (6, 1, '20150808', 75, 30, '20160909');
INSERT INTO `mydb`.`Supplier_provides_Ingredient` (`Supplier_S_ID`, `Ingredient_I_ID`, `Order_date`, `Quantity`, `Price`, `Delivery_date`) VALUES (2, 7, '20140808', 25, 25, '20140909');
INSERT INTO `mydb`.`Supplier_provides_Ingredient` (`Supplier_S_ID`, `Ingredient_I_ID`, `Order_date`, `Quantity`, `Price`, `Delivery_date`) VALUES (5, 9, '20130808', 50, 55, '20130909');
INSERT INTO `mydb`.`Supplier_provides_Ingredient` (`Supplier_S_ID`, `Ingredient_I_ID`, `Order_date`, `Quantity`, `Price`, `Delivery_date`) VALUES (6, 8, '20140808', 60, 20, '20140909');
INSERT INTO `mydb`.`Supplier_provides_Ingredient` (`Supplier_S_ID`, `Ingredient_I_ID`, `Order_date`, `Quantity`, `Price`, `Delivery_date`) VALUES (1, 6, '20130808', 30, 15, '20130909');
INSERT INTO `mydb`.`Supplier_provides_Ingredient` (`Supplier_S_ID`, `Ingredient_I_ID`, `Order_date`, `Quantity`, `Price`, `Delivery_date`) VALUES (3, 2, '20130808', 60, 20, '20130909');

COMMIT;


-- -----------------------------------------------------
-- Data for table `mydb`.`Facility_stores_Item`
-- -----------------------------------------------------
START TRANSACTION;
USE `mydb`;
INSERT INTO `mydb`.`Facility_stores_Item` (`Facility_F_ID`, `Item_I_name`, `Arrival_date`, `Quantity`) VALUES (1, 'Cake', '20150505', 100);
INSERT INTO `mydb`.`Facility_stores_Item` (`Facility_F_ID`, `Item_I_name`, `Arrival_date`, `Quantity`) VALUES (2, 'Cookie', '20150505', 300);
INSERT INTO `mydb`.`Facility_stores_Item` (`Facility_F_ID`, `Item_I_name`, `Arrival_date`, `Quantity`) VALUES (3, 'Pie', '20150505', 50);
INSERT INTO `mydb`.`Facility_stores_Item` (`Facility_F_ID`, `Item_I_name`, `Arrival_date`, `Quantity`) VALUES (4, 'Tart', '20150505', 200);
INSERT INTO `mydb`.`Facility_stores_Item` (`Facility_F_ID`, `Item_I_name`, `Arrival_date`, `Quantity`) VALUES (5, 'Ice cream', '20150505', 150);
INSERT INTO `mydb`.`Facility_stores_Item` (`Facility_F_ID`, `Item_I_name`, `Arrival_date`, `Quantity`) VALUES (6, 'Pudding', '20150505', 75);
INSERT INTO `mydb`.`Facility_stores_Item` (`Facility_F_ID`, `Item_I_name`, `Arrival_date`, `Quantity`) VALUES (6, 'Sugar', '20150505', 75);
INSERT INTO `mydb`.`Facility_stores_Item` (`Facility_F_ID`, `Item_I_name`, `Arrival_date`, `Quantity`) VALUES (5, 'Cinnamon', '20150505', 150);
INSERT INTO `mydb`.`Facility_stores_Item` (`Facility_F_ID`, `Item_I_name`, `Arrival_date`, `Quantity`) VALUES (4, 'Flour', '20150505', 200);
INSERT INTO `mydb`.`Facility_stores_Item` (`Facility_F_ID`, `Item_I_name`, `Arrival_date`, `Quantity`) VALUES (3, 'Egg', '20150505', 50);
INSERT INTO `mydb`.`Facility_stores_Item` (`Facility_F_ID`, `Item_I_name`, `Arrival_date`, `Quantity`) VALUES (2, 'Milk', '20150505', 300);
INSERT INTO `mydb`.`Facility_stores_Item` (`Facility_F_ID`, `Item_I_name`, `Arrival_date`, `Quantity`) VALUES (1, 'Baking powder', '20150505', 100);
INSERT INTO `mydb`.`Facility_stores_Item` (`Facility_F_ID`, `Item_I_name`, `Arrival_date`, `Quantity`) VALUES (2, 'Chocolate Mousse', '20150505', 75);
INSERT INTO `mydb`.`Facility_stores_Item` (`Facility_F_ID`, `Item_I_name`, `Arrival_date`, `Quantity`) VALUES (3, 'Brownies', '20150505', 120);
INSERT INTO `mydb`.`Facility_stores_Item` (`Facility_F_ID`, `Item_I_name`, `Arrival_date`, `Quantity`) VALUES (4, 'Cheesecake', '20150505', 40);
INSERT INTO `mydb`.`Facility_stores_Item` (`Facility_F_ID`, `Item_I_name`, `Arrival_date`, `Quantity`) VALUES (5, 'Biscotti', '20150505', 90);
INSERT INTO `mydb`.`Facility_stores_Item` (`Facility_F_ID`, `Item_I_name`, `Arrival_date`, `Quantity`) VALUES (6, 'Tiramisu', '20150505', 140);

COMMIT;


-- -----------------------------------------------------
-- Data for table `mydb`.`White-collar`
-- -----------------------------------------------------
START TRANSACTION;
USE `mydb`;
INSERT INTO `mydb`.`White-collar` (`WC_E_SSN`, `Salary`, `Bonus`, `Payment_year`) VALUES (2, 24000, 6000, 2015);
INSERT INTO `mydb`.`White-collar` (`WC_E_SSN`, `Salary`, `Bonus`, `Payment_year`) VALUES (4, 60000, 3000, 2014);
INSERT INTO `mydb`.`White-collar` (`WC_E_SSN`, `Salary`, `Bonus`, `Payment_year`) VALUES (6, 48000, 9000, 2015);
INSERT INTO `mydb`.`White-collar` (`WC_E_SSN`, `Salary`, `Bonus`, `Payment_year`) VALUES (7, 35500, 4500, 2014);
INSERT INTO `mydb`.`White-collar` (`WC_E_SSN`, `Salary`, `Bonus`, `Payment_year`) VALUES (9, 30000, 2500, 2015);
INSERT INTO `mydb`.`White-collar` (`WC_E_SSN`, `Salary`, `Bonus`, `Payment_year`) VALUES (10, 44000, 4000, 2014);
INSERT INTO `mydb`.`White-collar` (`WC_E_SSN`, `Salary`, `Bonus`, `Payment_year`) VALUES (11, 58000, 5300, 2015);
INSERT INTO `mydb`.`White-collar` (`WC_E_SSN`, `Salary`, `Bonus`, `Payment_year`) VALUES (2, 23000, 3000, 2014);
INSERT INTO `mydb`.`White-collar` (`WC_E_SSN`, `Salary`, `Bonus`, `Payment_year`) VALUES (6, 42000, 12000, 2014);
INSERT INTO `mydb`.`White-collar` (`WC_E_SSN`, `Salary`, `Bonus`, `Payment_year`) VALUES (9, 20000, 1000, 2014);

COMMIT;


-- -----------------------------------------------------
-- Data for table `mydb`.`Blue-collar`
-- -----------------------------------------------------
START TRANSACTION;
USE `mydb`;
INSERT INTO `mydb`.`Blue-collar` (`BC_E_SSN`, `Wage`, `Hours`, `Payment_day`) VALUES (1, 10, 60, '20140202');
INSERT INTO `mydb`.`Blue-collar` (`BC_E_SSN`, `Wage`, `Hours`, `Payment_day`) VALUES (3, 20, 40, '20150202');
INSERT INTO `mydb`.`Blue-collar` (`BC_E_SSN`, `Wage`, `Hours`, `Payment_day`) VALUES (8, 12, 38, '20150202');
INSERT INTO `mydb`.`Blue-collar` (`BC_E_SSN`, `Wage`, `Hours`, `Payment_day`) VALUES (12, 25, 28, '20150202');
INSERT INTO `mydb`.`Blue-collar` (`BC_E_SSN`, `Wage`, `Hours`, `Payment_day`) VALUES (13, 35, 55, '20150202');
INSERT INTO `mydb`.`Blue-collar` (`BC_E_SSN`, `Wage`, `Hours`, `Payment_day`) VALUES (1, 10, 39, '20140125');
INSERT INTO `mydb`.`Blue-collar` (`BC_E_SSN`, `Wage`, `Hours`, `Payment_day`) VALUES (1, 10, 45, '20140209');
INSERT INTO `mydb`.`Blue-collar` (`BC_E_SSN`, `Wage`, `Hours`, `Payment_day`) VALUES (3, 20, 45, '20150209');
INSERT INTO `mydb`.`Blue-collar` (`BC_E_SSN`, `Wage`, `Hours`, `Payment_day`) VALUES (5, 15, 35, '20140209');
INSERT INTO `mydb`.`Blue-collar` (`BC_E_SSN`, `Wage`, `Hours`, `Payment_day`) VALUES (13, 40, 50, '20150209');

COMMIT;

